mse,iteration,sample size,training time
0.0,0,0,3.2999999999949736e-05
0.0001,1,10,3.300000000006076e-05
0.0002,2,20,3.2000000000032e-05
0.00030000000000000003,3,30,3.300000000006076e-05
0.0004,4,40,1.7000000000044757e-05
