mse,iteration,sample size,training time
0.0,0,0,3.2999999999949736e-05
0.0001,1,10,3.2000000000032e-05
0.0002,2,20,3.6999999999953737e-05
0.00030000000000000003,3,30,3.500000000000725e-05
0.0004,4,40,3.599999999992498e-05
